Attack_type,id.resp_p,flow_duration,fwd_pkts_tot,bwd_pkts_tot,fwd_pkts_payload.tot,bwd_pkts_payload.tot,flow_SYN_flag_count,flow_FIN_flag_count,flow_RST_flag_count,fwd_URG_flag_count,fwd_PSH_flag_count,flow_pkts_per_sec,proto,proto_share,service,no_response_share,flows
ARP_poisioning,53,0.0007095000000000001,2.0,2.0,90.0,148.0,0.0,0.0,0.0,0.0,0.0,8.5622695,udp,0.7540682414698163,dns,0.31811023622047246,7620
DDOS_Slowloris,80,20.6254475,6.0,4.0,210.0,0.0,2.0,0.0,0.0,0.0,3.0,0.6498815,tcp,0.9943609022556391,http,0.19172932330827067,532
DOS_SYN_Hping,21,3e-06,1.0,1.0,120.0,0.0,1.0,0.0,1.0,0.0,0.0,493447.529412,tcp,1.0,none,0.10166613016017494,90089
MQTT_Publish,1883,44.081857500000005,10.0,6.0,78.0,36.0,2.0,0.0,1.0,0.0,3.0,0.34957,tcp,1.0,mqtt,0.0009657170449058426,4142
Metasploit_Brute_Force_SSH,22,2.064157,14.0,13.0,1249.0,1633.0,2.0,2.0,0.0,0.0,6.0,13.507781,tcp,0.8285714285714286,ssh,0.05714285714285714,35
NMAP_FIN_SCAN,22,0.0,1.0,0.0,0.0,0.0,0.0,1.0,0.0,0.0,0.0,0.0,tcp,0.8928571428571429,none,0.8571428571428571,28
NMAP_OS_DETECTION,1,6e-06,1.0,1.0,0.0,0.0,0.0,0.0,1.0,0.0,0.0,335544.32,tcp,1.0,none,0.0,2000
NMAP_TCP_scan,8888,4e-06,1.0,1.0,0.0,0.0,1.0,0.0,1.0,0.0,0.0,524288.0,tcp,1.0,none,0.001996007984031936,1002
NMAP_UDP_SCAN,80,0.0,1.0,0.0,0.0,0.0,0.0,0.0,0.0,0.0,0.0,0.0,udp,0.9446165762974439,none,0.9941905499612703,2582
NMAP_XMAS_TREE_SCAN,53,7.000000000000001e-06,1.0,1.0,0.0,0.0,0.0,1.0,1.0,1.0,1.0,289262.344828,tcp,0.9985074626865672,none,0.005970149253731343,2010
Thing_Speak,53,0.139273,2.0,2.0,72.0,188.0,0.0,0.0,0.0,0.0,0.0,21.6523585,udp,0.5260130718954248,dns,0.019084967320261437,7650
Wipro_bulb,443,0.683713,10.0,11.0,696.0,605.0,2.0,2.0,0.0,0.0,5.0,24.854859,tcp,0.7123287671232876,ssl,0.1141552511415525,219
