,ARP_poisioning,DDOS_Slowloris,DOS_SYN_Hping,MQTT_Publish,Metasploit_Brute_Force_SSH,NMAP_FIN_SCAN,NMAP_OS_DETECTION,NMAP_TCP_scan,NMAP_UDP_SCAN,NMAP_XMAS_TREE_SCAN,Thing_Speak,Wipro_bulb
ARP_poisioning,1517,0,0,0,0,0,0,0,0,0,7,0
DDOS_Slowloris,1,98,0,0,0,0,0,0,7,0,0,0
DOS_SYN_Hping,0,0,18018,0,0,0,0,0,0,0,0,0
MQTT_Publish,0,0,0,828,0,0,0,0,0,0,1,0
Metasploit_Brute_Force_SSH,1,0,0,0,6,0,0,0,0,0,0,0
NMAP_FIN_SCAN,1,0,0,0,0,5,0,0,0,0,0,0
NMAP_OS_DETECTION,0,0,0,0,0,0,400,0,0,0,0,0
NMAP_TCP_scan,0,0,0,0,0,0,0,200,0,0,0,0
NMAP_UDP_SCAN,4,13,0,0,0,0,0,0,498,0,1,0
NMAP_XMAS_TREE_SCAN,0,0,0,0,0,0,0,0,1,401,0,0
Thing_Speak,13,0,0,0,0,0,0,0,2,0,1515,0
Wipro_bulb,0,0,0,0,0,0,0,0,0,0,0,44
