,importance
header_payload_ratio,0.055163041736457696
syn_per_pkt,0.04014457304443169
id.resp_p,0.03548190406962221
fwd_URG_flag_count,0.03544538241968843
fin_per_pkt,0.03538122607483301
fwd_last_window_size,0.0340593869986558
flow_iat.min,0.033017411856042525
fwd_header_size_min,0.032188251010204096
flow_pkts_payload.avg,0.030452368632693117
service_mqtt,0.030042103046822585
fwd_pkts_payload.avg,0.02730164150492609
fwd_pkts_per_sec,0.026534957513300136
fwd_PSH_flag_count,0.02585187336933827
fwd_pkts_payload.min,0.02505418108839496
flow_FIN_flag_count,0.02463727117447548
fwd_pkts_payload.tot,0.02359196571043875
fwd_pkts_payload.max,0.022845837919944285
fwd_init_window_size,0.02040594940346224
active.min,0.020390939216798246
rst_per_pkt,0.020365365303540058
service_ssh,0.020209016908770645
fwd_subflow_bytes,0.0193043132826126
fwd_bwd_payload_ratio,0.017321690689172123
active.avg,0.016639275901861053
fwd_header_size_tot,0.016264020094838745
service_none,0.01614151129504247
active.max,0.01610586911420046
flow_duration,0.015487082698235184
fwd_header_size_max,0.014705922986625082
active.tot,0.014222341474821676
service_http,0.013674966647431671
fwd_iat.min,0.01211881598808423
fwd_data_pkts_tot,0.011651395422730018
fwd_pkts_payload.std,0.011034834962957766
flow_pkts_payload.min,0.01079550737090746
total_pkts,0.010734207372283625
bwd_pkts_payload.max,0.010613449589394012
flow_iat.avg,0.0104974418395334
flow_pkts_payload.std,0.009919247324279712
fwd_iat.max,0.008683927035129553
data_pkt_fraction,0.008564070821442595
service_dns,0.008444699468425769
flow_SYN_flag_count,0.00811878987118731
down_up_ratio,0.007250377764359108
fwd_iat.avg,0.007087425229497685
bwd_pkts_payload.avg,0.0069927928921008275
bwd_subflow_pkts,0.006931683772449159
bwd_header_size_min,0.006525377241496425
bwd_init_window_size,0.006390904733451041
fwd_bwd_pkt_ratio,0.0061800731540316576
fwd_pkts_tot,0.006052687413326917
proto_udp,0.005661577368459588
proto_tcp,0.005351815576075848
flow_RST_flag_count,0.005222885036288418
fwd_subflow_pkts,0.005184713512710865
bwd_pkts_tot,0.004514492625570604
bwd_iat.tot,0.004119217713328902
bwd_iat.avg,0.0040469702060231625
bwd_iat.max,0.0038201037067976734
no_response,0.003428927770594047
bwd_iat.min,0.003224756372379819
bwd_pkts_payload.min,0.00240518865702162
