,precision,recall,f1,support
ARP_poisioning,0.9869876382563435,0.9954068241469817,0.9911793531525646,1524
DDOS_Slowloris,0.8828828828828829,0.9245283018867925,0.9032258064516129,106
DOS_SYN_Hping,1.0,1.0,1.0,18018
MQTT_Publish,1.0,0.9987937273823885,0.9993964996982498,829
Metasploit_Brute_Force_SSH,1.0,0.8571428571428571,0.9230769230769231,7
NMAP_FIN_SCAN,1.0,0.8333333333333334,0.9090909090909091,6
NMAP_OS_DETECTION,1.0,1.0,1.0,400
NMAP_TCP_scan,1.0,1.0,1.0,200
NMAP_UDP_SCAN,0.9803149606299213,0.9651162790697675,0.97265625,516
NMAP_XMAS_TREE_SCAN,1.0,0.9975124378109452,0.9987546699875467,402
Thing_Speak,0.9940944881889764,0.9901960784313726,0.9921414538310412,1530
Wipro_bulb,1.0,1.0,1.0,44
