curve,fpr,tpr
ARP_poisioning,0.0,0.0
ARP_poisioning,0.0,0.7545931758530183
ARP_poisioning,0.0,0.8326771653543307
ARP_poisioning,0.0,0.863517060367454
ARP_poisioning,0.0,0.886482939632546
ARP_poisioning,0.0,0.8976377952755905
ARP_poisioning,4.533502584096473e-05,0.9087926509186351
ARP_poisioning,4.533502584096473e-05,0.9133858267716536
ARP_poisioning,4.533502584096473e-05,0.9212598425196851
ARP_poisioning,4.533502584096473e-05,0.9251968503937008
ARP_poisioning,4.533502584096473e-05,0.928477690288714
ARP_poisioning,4.533502584096473e-05,0.9324146981627297
ARP_poisioning,4.533502584096473e-05,0.9376640419947506
ARP_poisioning,4.533502584096473e-05,0.9402887139107612
ARP_poisioning,9.067005168192946e-05,0.9442257217847769
ARP_poisioning,9.067005168192946e-05,0.9481627296587927
ARP_poisioning,9.067005168192946e-05,0.9534120734908137
ARP_poisioning,9.067005168192946e-05,0.9547244094488189
ARP_poisioning,9.067005168192946e-05,0.9553805774278216
ARP_poisioning,9.067005168192946e-05,0.958005249343832
ARP_poisioning,9.067005168192946e-05,0.9599737532808399
ARP_poisioning,9.067005168192946e-05,0.9606299212598425
ARP_poisioning,9.067005168192946e-05,0.963254593175853
ARP_poisioning,9.067005168192946e-05,0.9652230971128609
ARP_poisioning,9.067005168192946e-05,0.9658792650918635
ARP_poisioning,9.067005168192946e-05,0.9671916010498688
ARP_poisioning,0.0001360050775228942,0.9691601049868767
ARP_poisioning,0.0001360050775228942,0.9704724409448819
ARP_poisioning,0.0001360050775228942,0.9711286089238845
ARP_poisioning,0.0001360050775228942,0.973753280839895
ARP_poisioning,0.0001360050775228942,0.9750656167979003
ARP_poisioning,0.00018134010336385892,0.9757217847769029
ARP_poisioning,0.00018134010336385892,0.9770341207349081
ARP_poisioning,0.00018134010336385892,0.9783464566929134
ARP_poisioning,0.00022667512920482365,0.979002624671916
ARP_poisioning,0.00022667512920482365,0.9803149606299213
ARP_poisioning,0.0002720101550457884,0.9803149606299213
ARP_poisioning,0.0002720101550457884,0.9816272965879265
ARP_poisioning,0.0002720101550457884,0.9822834645669292
ARP_poisioning,0.0002720101550457884,0.9835958005249343
ARP_poisioning,0.0002720101550457884,0.9855643044619422
ARP_poisioning,0.0002720101550457884,0.9868766404199475
ARP_poisioning,0.0002720101550457884,0.9875328083989501
ARP_poisioning,0.0002720101550457884,0.9888451443569554
ARP_poisioning,0.0002720101550457884,0.989501312335958
ARP_poisioning,0.00031734518088675313,0.989501312335958
ARP_poisioning,0.00031734518088675313,0.9908136482939632
ARP_poisioning,0.00036268020672771783,0.9908136482939632
ARP_poisioning,0.00036268020672771783,0.9921259842519685
ARP_poisioning,0.0004080152325686826,0.9921259842519685
ARP_poisioning,0.0004080152325686826,0.9927821522309711
ARP_poisioning,0.0004533502584096473,0.9927821522309711
ARP_poisioning,0.0005440203100915768,0.9927821522309711
ARP_poisioning,0.0005440203100915768,0.9934383202099738
ARP_poisioning,0.0005893553359325415,0.9934383202099738
ARP_poisioning,0.0006800253876144709,0.994750656167979
ARP_poisioning,0.0009067005168192946,0.994750656167979
ARP_poisioning,0.0009067005168192946,0.9954068241469817
ARP_poisioning,0.000997370568501224,0.9954068241469817
ARP_poisioning,0.0010880406201831535,0.9954068241469817
ARP_poisioning,0.0010880406201831535,0.9960629921259843
ARP_poisioning,0.0012693807235470125,0.9960629921259843
ARP_poisioning,0.0013147157493879772,0.9967191601049868
ARP_poisioning,0.0013600507752289418,0.9967191601049868
ARP_poisioning,0.0014053858010699067,0.9973753280839895
ARP_poisioning,0.0017680660077976245,0.9973753280839895
ARP_poisioning,0.0019494061111614833,0.9980314960629921
ARP_poisioning,0.002040076162843413,0.9980314960629921
ARP_poisioning,0.0020854111886843777,0.9986876640419947
ARP_poisioning,0.0022667512920482363,0.9986876640419947
ARP_poisioning,0.002312086317889201,0.9986876640419947
ARP_poisioning,0.0024027563695711305,0.9986876640419947
ARP_poisioning,0.0025840964729349895,0.9986876640419947
ARP_poisioning,0.002856106627980778,0.9986876640419947
ARP_poisioning,0.0029467766796627075,0.9986876640419947
ARP_poisioning,0.002992111705503672,0.9993438320209974
ARP_poisioning,0.0030827817571856017,0.9993438320209974
ARP_poisioning,0.003128116783026566,0.9993438320209974
ARP_poisioning,0.0032641218605494607,0.9993438320209974
ARP_poisioning,0.003309456886390425,0.9993438320209974
ARP_poisioning,0.0034454619639133193,0.9993438320209974
ARP_poisioning,0.003536132015595249,0.9993438320209974
ARP_poisioning,0.003672137093118143,0.9993438320209974
ARP_poisioning,0.0037628071448000725,0.9993438320209974
ARP_poisioning,0.0038988122223229667,0.9993438320209974
ARP_poisioning,0.0039441472481639315,0.9993438320209974
ARP_poisioning,0.004080152325686826,0.9993438320209974
ARP_poisioning,0.004170822377368755,0.9993438320209974
ARP_poisioning,0.00421615740320972,0.9993438320209974
ARP_poisioning,0.00421615740320972,1.0
ARP_poisioning,0.004488167558255508,1.0
ARP_poisioning,0.004669507661619367,1.0
ARP_poisioning,0.004896182790824191,1.0
ARP_poisioning,0.005258862997551909,1.0
ARP_poisioning,0.005349533049233838,1.0
ARP_poisioning,0.005530873152597697,1.0
ARP_poisioning,0.0059388883851663795,1.0
ARP_poisioning,0.006120228488530238,1.0
ARP_poisioning,0.006437573669416992,1.0
ARP_poisioning,0.006573578746939886,1.0
ARP_poisioning,0.006890923927826639,1.0
ARP_poisioning,0.007797624444645933,1.0
ARP_poisioning,0.009565690452443558,1.0
ARP_poisioning,1.0,1.0
DDOS_Slowloris,0.0,0.0
DDOS_Slowloris,0.0,0.6698113207547169
DDOS_Slowloris,0.0,0.7547169811320755
DDOS_Slowloris,0.0,0.8207547169811321
DDOS_Slowloris,0.0,0.8584905660377359
DDOS_Slowloris,4.259669449650707e-05,0.8584905660377359
DDOS_Slowloris,4.259669449650707e-05,0.8679245283018868
DDOS_Slowloris,8.519338899301415e-05,0.8679245283018868
DDOS_Slowloris,0.00012779008348952123,0.8773584905660378
DDOS_Slowloris,0.00021298347248253536,0.8773584905660378
DDOS_Slowloris,0.00021298347248253536,0.8962264150943396
DDOS_Slowloris,0.00025558016697904245,0.8962264150943396
DDOS_Slowloris,0.00025558016697904245,0.9056603773584906
DDOS_Slowloris,0.0002981768614755495,0.9056603773584906
DDOS_Slowloris,0.0002981768614755495,0.9150943396226415
DDOS_Slowloris,0.0004685636394615778,0.9150943396226415
DDOS_Slowloris,0.0004685636394615778,0.9245283018867925
DDOS_Slowloris,0.000553757028454592,0.9245283018867925
DDOS_Slowloris,0.000596353722951099,0.9339622641509434
DDOS_Slowloris,0.0006389504174476061,0.9339622641509434
DDOS_Slowloris,0.0006389504174476061,0.9433962264150944
DDOS_Slowloris,0.0006815471119441132,0.9433962264150944
DDOS_Slowloris,0.0006815471119441132,0.9528301886792453
DDOS_Slowloris,0.0008093371954336344,0.9528301886792453
DDOS_Slowloris,0.0008093371954336344,0.9622641509433962
DDOS_Slowloris,0.001192707445902198,0.9622641509433962
DDOS_Slowloris,0.0013204975293917192,0.9622641509433962
DDOS_Slowloris,0.0014482876128812405,0.9811320754716981
DDOS_Slowloris,0.0015334810018742546,0.9811320754716981
DDOS_Slowloris,0.001789061168853297,0.9811320754716981
DDOS_Slowloris,0.0019594479468393253,0.9811320754716981
DDOS_Slowloris,0.0020872380303288466,0.9811320754716981
DDOS_Slowloris,0.002385414891804396,0.9905660377358491
DDOS_Slowloris,0.002981768614755495,0.9905660377358491
DDOS_Slowloris,0.004174476060657693,1.0
DDOS_Slowloris,1.0,1.0
DOS_SYN_Hping,0.0,0.0
DOS_SYN_Hping,0.0,1.0
DOS_SYN_Hping,0.0003594536304816679,1.0
DOS_SYN_Hping,0.0007189072609633358,1.0
DOS_SYN_Hping,0.0012580877066858376,1.0
DOS_SYN_Hping,0.002336448598130841,1.0
DOS_SYN_Hping,1.0,1.0
MQTT_Publish,0.0,0.0
MQTT_Publish,0.0,0.9891435464414958
MQTT_Publish,0.0,0.9927623642943305
MQTT_Publish,0.0,0.9987937273823885
MQTT_Publish,4.3950248318903e-05,0.9987937273823885
MQTT_Publish,0.000175800993275612,0.9987937273823885
MQTT_Publish,0.000219751241594515,0.9987937273823885
MQTT_Publish,0.000307651738232321,0.9987937273823885
MQTT_Publish,0.000395552234870127,1.0
MQTT_Publish,0.000659253724783545,1.0
MQTT_Publish,0.0007471542214213511,1.0
MQTT_Publish,0.001010855711334769,1.0
MQTT_Publish,0.0010987562079725751,1.0
MQTT_Publish,0.002812815892409792,1.0
MQTT_Publish,1.0,1.0
Metasploit_Brute_Force_SSH,0.0,0.0
Metasploit_Brute_Force_SSH,0.0,0.14285714285714285
Metasploit_Brute_Force_SSH,0.0,0.42857142857142855
Metasploit_Brute_Force_SSH,0.0,0.8571428571428571
Metasploit_Brute_Force_SSH,8.48356309650053e-05,0.8571428571428571
Metasploit_Brute_Force_SSH,0.0001696712619300106,0.8571428571428571
Metasploit_Brute_Force_SSH,0.00021208907741251324,0.8571428571428571
Metasploit_Brute_Force_SSH,0.0003393425238600212,0.8571428571428571
Metasploit_Brute_Force_SSH,0.00046659597030752914,0.8571428571428571
Metasploit_Brute_Force_SSH,0.0006786850477200424,0.8571428571428571
Metasploit_Brute_Force_SSH,0.0010180275715800636,0.8571428571428571
Metasploit_Brute_Force_SSH,0.001823966065747614,0.8571428571428571
Metasploit_Brute_Force_SSH,0.003435843054082715,0.8571428571428571
Metasploit_Brute_Force_SSH,1.0,1.0
NMAP_FIN_SCAN,0.0,0.0
NMAP_FIN_SCAN,0.0,0.8333333333333334
NMAP_FIN_SCAN,0.0004665761791652528,0.8333333333333334
NMAP_FIN_SCAN,0.0005514082117407533,0.8333333333333334
NMAP_FIN_SCAN,0.0007634882931795045,0.8333333333333334
NMAP_FIN_SCAN,0.001823888700373261,0.8333333333333334
NMAP_FIN_SCAN,1.0,1.0
NMAP_OS_DETECTION,0.0,0.0
NMAP_OS_DETECTION,0.0,0.985
NMAP_OS_DETECTION,0.0,0.9925
NMAP_OS_DETECTION,0.0,0.995
NMAP_OS_DETECTION,0.0,1.0
NMAP_OS_DETECTION,0.0001725476662928134,1.0
NMAP_OS_DETECTION,0.00021568458286601674,1.0
NMAP_OS_DETECTION,0.0003450953325856268,1.0
NMAP_OS_DETECTION,0.0009058752480372703,1.0
NMAP_OS_DETECTION,1.0,1.0
NMAP_TCP_scan,0.0,0.0
NMAP_TCP_scan,0.0,0.98
NMAP_TCP_scan,0.0,1.0
NMAP_TCP_scan,4.2767941151312976e-05,1.0
NMAP_TCP_scan,0.0001710717646052519,1.0
NMAP_TCP_scan,0.0002993755880591908,1.0
NMAP_TCP_scan,0.00042767941151312976,1.0
NMAP_TCP_scan,0.0005132152938157557,1.0
NMAP_TCP_scan,0.0008981267641775725,1.0
NMAP_TCP_scan,1.0,1.0
NMAP_UDP_SCAN,0.0,0.0
NMAP_UDP_SCAN,0.0,0.8895348837209303
NMAP_UDP_SCAN,4.335385415763461e-05,0.8972868217054264
NMAP_UDP_SCAN,4.335385415763461e-05,0.9011627906976745
NMAP_UDP_SCAN,8.670770831526923e-05,0.9031007751937985
NMAP_UDP_SCAN,8.670770831526923e-05,0.9147286821705426
NMAP_UDP_SCAN,8.670770831526923e-05,0.9186046511627907
NMAP_UDP_SCAN,0.00017341541663053845,0.9244186046511628
NMAP_UDP_SCAN,0.00017341541663053845,0.9302325581395349
NMAP_UDP_SCAN,0.00017341541663053845,0.9341085271317829
NMAP_UDP_SCAN,0.00017341541663053845,0.936046511627907
NMAP_UDP_SCAN,0.00017341541663053845,0.939922480620155
NMAP_UDP_SCAN,0.00017341541663053845,0.9418604651162791
NMAP_UDP_SCAN,0.00017341541663053845,0.9476744186046512
NMAP_UDP_SCAN,0.00017341541663053845,0.9554263565891473
NMAP_UDP_SCAN,0.00021676927078817306,0.9554263565891473
NMAP_UDP_SCAN,0.00021676927078817306,0.9593023255813954
NMAP_UDP_SCAN,0.0002601231249458077,0.9593023255813954
NMAP_UDP_SCAN,0.0002601231249458077,0.9612403100775194
NMAP_UDP_SCAN,0.0003034769791034423,0.9612403100775194
NMAP_UDP_SCAN,0.0003468308332610769,0.9631782945736435
NMAP_UDP_SCAN,0.00043353854157634613,0.9651162790697675
NMAP_UDP_SCAN,0.00043353854157634613,0.9689922480620154
NMAP_UDP_SCAN,0.00047689239573398077,0.9689922480620154
NMAP_UDP_SCAN,0.00047689239573398077,0.9709302325581395
NMAP_UDP_SCAN,0.0005202462498916154,0.9709302325581395
NMAP_UDP_SCAN,0.0005636001040492499,0.9728682170542635
NMAP_UDP_SCAN,0.0005636001040492499,0.9786821705426356
NMAP_UDP_SCAN,0.0006069539582068846,0.9786821705426356
NMAP_UDP_SCAN,0.0006069539582068846,0.9806201550387597
NMAP_UDP_SCAN,0.0006936616665221538,0.9806201550387597
NMAP_UDP_SCAN,0.0006936616665221538,0.9864341085271318
NMAP_UDP_SCAN,0.0007370155206797884,0.9864341085271318
NMAP_UDP_SCAN,0.0008237232289950577,0.9903100775193798
NMAP_UDP_SCAN,0.0010404924997832307,0.9903100775193798
NMAP_UDP_SCAN,0.0010404924997832307,0.9922480620155039
NMAP_UDP_SCAN,0.0011705540622561346,0.9922480620155039
NMAP_UDP_SCAN,0.0013006156247290384,0.9941860465116279
NMAP_UDP_SCAN,0.0014740310413595768,0.9941860465116279
NMAP_UDP_SCAN,0.0017341541663053845,0.9941860465116279
NMAP_UDP_SCAN,0.001907569582935923,0.9941860465116279
NMAP_UDP_SCAN,0.0022110465620393655,0.9961240310077519
NMAP_UDP_SCAN,0.0022544004161969998,0.9961240310077519
NMAP_UDP_SCAN,0.0024278158328275385,0.9961240310077519
NMAP_UDP_SCAN,0.002471169686985173,0.9961240310077519
NMAP_UDP_SCAN,0.0030781236451920576,0.9961240310077519
NMAP_UDP_SCAN,0.003901846874187115,0.998062015503876
NMAP_UDP_SCAN,0.00394520072834475,0.998062015503876
NMAP_UDP_SCAN,0.005896124165438307,0.998062015503876
NMAP_UDP_SCAN,0.0059828318737535765,0.998062015503876
NMAP_UDP_SCAN,1.0,1.0
NMAP_XMAS_TREE_SCAN,0.0,0.0
NMAP_XMAS_TREE_SCAN,0.0,0.9651741293532339
NMAP_XMAS_TREE_SCAN,0.0,0.9875621890547264
NMAP_XMAS_TREE_SCAN,0.0,0.9900497512437811
NMAP_XMAS_TREE_SCAN,0.0,0.9950248756218906
NMAP_XMAS_TREE_SCAN,0.0,0.9975124378109452
NMAP_XMAS_TREE_SCAN,0.00021570319240724764,0.9975124378109452
NMAP_XMAS_TREE_SCAN,0.0003451251078515962,0.9975124378109452
NMAP_XMAS_TREE_SCAN,0.0004745470232959448,0.9975124378109452
NMAP_XMAS_TREE_SCAN,0.0006471095772217428,0.9975124378109452
NMAP_XMAS_TREE_SCAN,0.0007765314926660914,0.9975124378109452
NMAP_XMAS_TREE_SCAN,0.0012510785159620362,0.9975124378109452
NMAP_XMAS_TREE_SCAN,0.0024158757549611735,0.9975124378109452
NMAP_XMAS_TREE_SCAN,1.0,1.0
Thing_Speak,0.0,0.0
Thing_Speak,0.0,0.9071895424836601
Thing_Speak,0.0,0.9222222222222223
Thing_Speak,0.0,0.9274509803921569
Thing_Speak,0.0,0.9287581699346406
Thing_Speak,0.0,0.9294117647058824
Thing_Speak,0.0,0.9313725490196079
Thing_Speak,0.0,0.9352941176470588
Thing_Speak,0.0,0.9359477124183007
Thing_Speak,0.0,0.9379084967320261
Thing_Speak,0.0,0.9398692810457516
Thing_Speak,0.0,0.9418300653594771
Thing_Speak,0.0,0.9444444444444444
Thing_Speak,0.0,0.9483660130718954
Thing_Speak,0.0,0.9509803921568627
Thing_Speak,0.0,0.9529411764705882
Thing_Speak,0.0,0.9562091503267974
Thing_Speak,0.0,0.9575163398692811
Thing_Speak,0.0,0.9581699346405229
Thing_Speak,0.0,0.9594771241830066
Thing_Speak,4.534736078360239e-05,0.9601307189542484
Thing_Speak,4.534736078360239e-05,0.9633986928104575
Thing_Speak,4.534736078360239e-05,0.965359477124183
Thing_Speak,4.534736078360239e-05,0.9673202614379085
Thing_Speak,4.534736078360239e-05,0.9686274509803922
Thing_Speak,4.534736078360239e-05,0.9699346405228758
Thing_Speak,0.00013604208235080717,0.9738562091503268
Thing_Speak,0.00013604208235080717,0.9751633986928104
Thing_Speak,0.00013604208235080717,0.9764705882352941
Thing_Speak,0.00018138944313440957,0.9771241830065359
Thing_Speak,0.00018138944313440957,0.9790849673202614
Thing_Speak,0.00018138944313440957,0.9803921568627451
Thing_Speak,0.00022673680391801197,0.9810457516339869
Thing_Speak,0.00027208416470161435,0.9810457516339869
Thing_Speak,0.00027208416470161435,0.9836601307189542
Thing_Speak,0.00027208416470161435,0.984967320261438
Thing_Speak,0.00031743152548521677,0.9856209150326798
Thing_Speak,0.00031743152548521677,0.9862745098039216
Thing_Speak,0.00036277888626881915,0.9862745098039216
Thing_Speak,0.00036277888626881915,0.9895424836601308
Thing_Speak,0.00040812624705242157,0.9901960784313726
Thing_Speak,0.00045347360783602395,0.9901960784313726
Thing_Speak,0.00045347360783602395,0.9915032679738562
Thing_Speak,0.0004988209686196263,0.9915032679738562
Thing_Speak,0.0004988209686196263,0.9928104575163399
Thing_Speak,0.0004988209686196263,0.9934640522875817
Thing_Speak,0.0004988209686196263,0.9947712418300654
Thing_Speak,0.0005441683294032287,0.9954248366013072
Thing_Speak,0.0005441683294032287,0.996078431372549
Thing_Speak,0.0006348630509704335,0.996078431372549
Thing_Speak,0.0006348630509704335,0.9967320261437909
Thing_Speak,0.0006802104117540359,0.9967320261437909
Thing_Speak,0.0006802104117540359,0.9973856209150327
Thing_Speak,0.0007709051333212407,0.9973856209150327
Thing_Speak,0.0009069472156720479,0.9973856209150327
Thing_Speak,0.001269726101940867,0.9973856209150327
Thing_Speak,0.001269726101940867,0.9980392156862745
Thing_Speak,0.0015418102666424813,0.9980392156862745
Thing_Speak,0.001723199709776891,0.9980392156862745
Thing_Speak,0.0018592417921276983,0.9980392156862745
Thing_Speak,0.001949936513694903,0.9980392156862745
Thing_Speak,0.0021313259568293127,0.9986928104575163
Thing_Speak,0.0021766733176129148,0.9986928104575163
Thing_Speak,0.0022673680391801197,0.9986928104575163
Thing_Speak,0.0024034101215309267,0.9993464052287582
Thing_Speak,0.0024941048430981317,0.9993464052287582
Thing_Speak,0.0026301469254489387,0.9993464052287582
Thing_Speak,0.002675494286232541,0.9993464052287582
Thing_Speak,0.0028568837293669507,0.9993464052287582
Thing_Speak,0.0030836205332849627,0.9993464052287582
Thing_Speak,0.00321966261563577,0.9993464052287582
Thing_Speak,0.0033103573372029746,0.9993464052287582
Thing_Speak,0.003355704697986577,0.9993464052287582
Thing_Speak,0.003446399419553782,0.9993464052287582
Thing_Speak,0.0036277888626881916,0.9993464052287582
Thing_Speak,0.003899873027389806,0.9993464052287582
Thing_Speak,0.0040812624705242155,0.9993464052287582
Thing_Speak,0.0043986939960094324,0.9993464052287582
Thing_Speak,0.0048068202430618535,0.9993464052287582
Thing_Speak,0.004852167603845456,0.9993464052287582
Thing_Speak,0.00512425176854707,0.9993464052287582
Thing_Speak,0.005487030654815889,0.9993464052287582
Thing_Speak,0.006212588427353528,0.9993464052287582
Thing_Speak,0.006303283148920733,0.9993464052287582
Thing_Speak,0.006802104117540359,0.9993464052287582
Thing_Speak,0.007618356611645202,1.0
Thing_Speak,0.008570651188100853,1.0
Thing_Speak,0.010067114093959731,1.0
Thing_Speak,0.012243787411572647,1.0
Thing_Speak,0.01233448213313985,1.0
Thing_Speak,0.018048249591873754,1.0
Thing_Speak,1.0,1.0
Wipro_bulb,0.0,0.0
Wipro_bulb,0.0,0.22727272727272727
Wipro_bulb,0.0,0.3409090909090909
Wipro_bulb,0.0,0.36363636363636365
Wipro_bulb,0.0,0.5
Wipro_bulb,0.0,0.5227272727272727
Wipro_bulb,0.0,0.5681818181818182
Wipro_bulb,0.0,0.5909090909090909
Wipro_bulb,0.0,0.6363636363636364
Wipro_bulb,0.0,1.0
Wipro_bulb,0.0001274534794799898,1.0
Wipro_bulb,0.000212422465799983,1.0
Wipro_bulb,0.00038236043843996943,1.0
Wipro_bulb,0.0005098139179199592,1.0
Wipro_bulb,0.0007647208768799389,1.0
Wipro_bulb,0.000849689863199932,1.0
Wipro_bulb,0.0009346588495199252,1.0
Wipro_bulb,0.0009771433426799217,1.0
Wipro_bulb,0.0011470813153199083,1.0
Wipro_bulb,0.0016568952332398675,1.0
Wipro_bulb,0.001911802192199847,1.0
Wipro_bulb,0.0023791316169598097,1.0
Wipro_bulb,0.0030163990143597585,1.0
Wipro_bulb,0.0050981391791995925,1.0
Wipro_bulb,1.0,1.0
ATTACK_VS_NORMAL,0.0,0.0
ATTACK_VS_NORMAL,0.0,4.7216582463761274e-05
ATTACK_VS_NORMAL,0.0,0.9818216157514519
ATTACK_VS_NORMAL,0.0,0.9819160489163794
ATTACK_VS_NORMAL,0.0,0.9880069880542046
ATTACK_VS_NORMAL,0.0,0.9880542046366684
ATTACK_VS_NORMAL,0.0,0.9881486378015959
ATTACK_VS_NORMAL,0.0,0.9881958543840597
ATTACK_VS_NORMAL,0.0,0.9901789508475377
ATTACK_VS_NORMAL,0.0,0.9902261674300015
ATTACK_VS_NORMAL,0.0,0.9916426649039143
ATTACK_VS_NORMAL,0.0,0.9917370980688418
ATTACK_VS_NORMAL,0.0,0.9925869965531895
ATTACK_VS_NORMAL,0.0,0.9926342131356533
ATTACK_VS_NORMAL,0.0004161464835622139,0.9933424618726097
ATTACK_VS_NORMAL,0.0004161464835622139,0.9935785447849285
ATTACK_VS_NORMAL,0.0004161464835622139,0.993672977949856
ATTACK_VS_NORMAL,0.0004161464835622139,0.9938146276972473
ATTACK_VS_NORMAL,0.0004161464835622139,0.9945228764342037
ATTACK_VS_NORMAL,0.0004161464835622139,0.9947117427640587
ATTACK_VS_NORMAL,0.0004161464835622139,0.99485339251145
ATTACK_VS_NORMAL,0.0004161464835622139,0.9949478256763775
ATTACK_VS_NORMAL,0.0004161464835622139,0.9951366920062326
ATTACK_VS_NORMAL,0.0004161464835622139,0.9954672080834789
ATTACK_VS_NORMAL,0.0004161464835622139,0.9955616412484064
ATTACK_VS_NORMAL,0.0004161464835622139,0.9961282402379715
ATTACK_VS_NORMAL,0.0004161464835622139,0.996222673402899
ATTACK_VS_NORMAL,0.0004161464835622139,0.9962698899853628
ATTACK_VS_NORMAL,0.0004161464835622139,0.9965059728976816
ATTACK_VS_NORMAL,0.0004161464835622139,0.9966948392275368
ATTACK_VS_NORMAL,0.0004161464835622139,0.996836488974928
ATTACK_VS_NORMAL,0.0004161464835622139,0.9969309221398556
ATTACK_VS_NORMAL,0.0004161464835622139,0.9969781387223193
ATTACK_VS_NORMAL,0.0004161464835622139,0.9972614382171019
ATTACK_VS_NORMAL,0.0004161464835622139,0.9974975211294207
ATTACK_VS_NORMAL,0.0004161464835622139,0.9975447377118845
ATTACK_VS_NORMAL,0.0004161464835622139,0.9979696869540583
ATTACK_VS_NORMAL,0.0004161464835622139,0.9980641201189858
ATTACK_VS_NORMAL,0.0012484394506866417,0.9982057698663771
ATTACK_VS_NORMAL,0.0012484394506866417,0.9983946361962321
ATTACK_VS_NORMAL,0.0012484394506866417,0.9984890693611597
ATTACK_VS_NORMAL,0.0012484394506866417,0.9985835025260872
ATTACK_VS_NORMAL,0.0012484394506866417,0.9986779356910147
ATTACK_VS_NORMAL,0.0012484394506866417,0.9987251522734785
ATTACK_VS_NORMAL,0.0016645859342488557,0.9987251522734785
ATTACK_VS_NORMAL,0.0016645859342488557,0.998819585438406
ATTACK_VS_NORMAL,0.0016645859342488557,0.9988668020208697
ATTACK_VS_NORMAL,0.0016645859342488557,0.9990556683507248
ATTACK_VS_NORMAL,0.0016645859342488557,0.9991028849331886
ATTACK_VS_NORMAL,0.0016645859342488557,0.9991973180981161
ATTACK_VS_NORMAL,0.0016645859342488557,0.9993861844279711
ATTACK_VS_NORMAL,0.0020807324178110697,0.9993861844279711
ATTACK_VS_NORMAL,0.0020807324178110697,0.9994806175928986
ATTACK_VS_NORMAL,0.002913025384935497,0.9994806175928986
ATTACK_VS_NORMAL,0.002913025384935497,0.9995278341753624
ATTACK_VS_NORMAL,0.004161464835622139,0.9995278341753624
ATTACK_VS_NORMAL,0.004993757802746567,0.9995278341753624
ATTACK_VS_NORMAL,0.004993757802746567,0.9995750507578262
ATTACK_VS_NORMAL,0.006242197253433208,0.9995750507578262
ATTACK_VS_NORMAL,0.006242197253433208,0.9996222673402899
ATTACK_VS_NORMAL,0.0070744902205576365,0.9996222673402899
ATTACK_VS_NORMAL,0.0070744902205576365,0.9997167005052174
ATTACK_VS_NORMAL,0.009155222638368706,0.9997167005052174
ATTACK_VS_NORMAL,0.009155222638368706,0.9997639170876812
ATTACK_VS_NORMAL,0.011652101539741989,0.9997639170876812
ATTACK_VS_NORMAL,0.011652101539741989,0.999811133670145
ATTACK_VS_NORMAL,0.012484394506866416,0.999811133670145
ATTACK_VS_NORMAL,0.014148980441115273,0.999811133670145
ATTACK_VS_NORMAL,0.016645859342488557,0.999811133670145
ATTACK_VS_NORMAL,0.0178942987931752,0.9998583502526087
ATTACK_VS_NORMAL,0.018310445276737412,0.9999055668350725
ATTACK_VS_NORMAL,0.01914273824386184,0.9999055668350725
ATTACK_VS_NORMAL,0.024968789013732832,0.9999055668350725
ATTACK_VS_NORMAL,0.025801081980857263,0.9999055668350725
ATTACK_VS_NORMAL,0.02663337494798169,0.9999055668350725
ATTACK_VS_NORMAL,0.027881814398668332,0.9999527834175362
ATTACK_VS_NORMAL,0.028297960882230546,0.9999527834175362
ATTACK_VS_NORMAL,0.0299625468164794,0.9999527834175362
ATTACK_VS_NORMAL,0.030378693300041615,0.9999527834175362
ATTACK_VS_NORMAL,0.03204327923429047,0.9999527834175362
ATTACK_VS_NORMAL,0.03245942571785269,0.9999527834175362
ATTACK_VS_NORMAL,0.03245942571785269,1.0
ATTACK_VS_NORMAL,0.0328755722014149,1.0
ATTACK_VS_NORMAL,0.033707865168539325,1.0
ATTACK_VS_NORMAL,0.03495630461922597,1.0
ATTACK_VS_NORMAL,0.0357885975863504,1.0
ATTACK_VS_NORMAL,0.037037037037037035,1.0
ATTACK_VS_NORMAL,0.03745318352059925,1.0
ATTACK_VS_NORMAL,0.03828547648772368,1.0
ATTACK_VS_NORMAL,0.039950062421972535,1.0
ATTACK_VS_NORMAL,0.04161464835622139,1.0
ATTACK_VS_NORMAL,0.04203079483978361,1.0
ATTACK_VS_NORMAL,0.04369538077403246,1.0
ATTACK_VS_NORMAL,0.04411152725759467,1.0
ATTACK_VS_NORMAL,0.04577611319184353,1.0
ATTACK_VS_NORMAL,0.046192259675405745,1.0
ATTACK_VS_NORMAL,0.04910528506034124,1.0
ATTACK_VS_NORMAL,0.05035372451102788,1.0
ATTACK_VS_NORMAL,0.052434456928838954,1.0
ATTACK_VS_NORMAL,0.05326674989596338,1.0
ATTACK_VS_NORMAL,0.055763628797336665,1.0
ATTACK_VS_NORMAL,0.0599250936329588,1.0
ATTACK_VS_NORMAL,0.07074490220557636,1.0
ATTACK_VS_NORMAL,1.0,1.0
