candidate,n_estimators,max_features,min_samples_leaf,max_depth,criterion,class_weight,cv_macro_f1_mean,cv_macro_f1_std,seconds
default,200,sqrt,1,,gini,balanced_subsample,0.9636684259563514,0.00947958854301345,21.543574473000035
R1,300,0.2,2,40.0,entropy,balanced_subsample,0.9561999484846946,0.0057451256439629795,51.89547964799999
R2,200,sqrt,2,,gini,balanced,0.9558114590070796,0.0119826354809265,18.051733837999905
R3,300,log2,4,20.0,entropy,balanced_subsample,0.9388505422335882,0.008402038439019599,29.040556337999988
R4,100,0.4,4,40.0,entropy,balanced,0.942596632693875,0.010086746408840814,29.69569101500008
R5,100,sqrt,1,40.0,gini,,0.9668417591608308,0.007636433321981246,8.110055595000063
R6,200,log2,4,,gini,balanced_subsample,0.9370773293492909,0.010837481946925753,17.93003644800001
R7,200,sqrt,1,40.0,entropy,,0.9658164299134957,0.011952668170178225,20.829280918999984
R8,300,0.2,2,,entropy,,0.9670575847369864,0.0038244074263132787,47.49909295800012
